"bias_logit","bias_cc","bias_wcc","bias_lcc","var_logit","var_cc","var_wcc","var_lcc"
0,0.21126485074809,0.000101476718777488,0.00320062836861969,0.000387206110474333,0.0070898447890352,0.00843887671258541,0.00771272626181375
0,0.230515719608048,0.0000599133227348319,0.004451083492431,0.00089077167315016,0.0100229844896183,0.0116873239623172,0.00842356290327582
0,0.222813235110361,0.0000250116956158779,0.00552062753485355,0.00144890845095077,0.00966938611990661,0.0105951657869968,0.00837857589664839
0,0.233430878186072,0.0000607480006268654,0.00448655704134075,0.00267180262753424,0.0113595847258155,0.0135946035218753,0.0103456814097737
0,0.214914006817452,0.0000629293355055162,0.000330159902132098,0.00360883401380871,0.0105202955021357,0.0118923175425789,0.0166475296780523
0,0.208457396868676,0.000187120289014403,0.00638720214904679,0.00570325785389377,0.0167658584290513,0.0204384049573734,0.0169266013991678
